{
	"start":	{
		"connected":	[{
				"socket":	5,
				"local_host":	"127.0.0.1",
				"local_port":	38006,
				"remote_host":	"127.0.0.1",
				"remote_port":	4040
			}],
		"version":	"iperf 3.7",
		"system_info":	"Linux whoami 5.4.0-73-generic #82-Ubuntu SMP Wed Apr 14 17:39:42 UTC 2021 x86_64",
		"timestamp":	{
			"time":	"Sat, 29 May 2021 06:37:14 GMT",
			"timesecs":	1622270234
		},
		"connecting_to":	{
			"host":	"127.0.0.1",
			"port":	4040
		},
		"cookie":	"jmuoqct36z4e44k7s6dkywow7jpksuvwfwr6",
		"tcp_mss_default":	32768,
		"target_bitrate":	5000000000,
		"sock_bufsize":	0,
		"sndbuf_actual":	16384,
		"rcvbuf_actual":	131072,
		"test_start":	{
			"protocol":	"TCP",
			"num_streams":	1,
			"blksize":	131072,
			"omit":	0,
			"duration":	10,
			"bytes":	0,
			"blocks":	0,
			"reverse":	0,
			"tos":	0
		}
	},
	"intervals":	[{
			"streams":	[{
					"socket":	5,
					"start":	0,
					"end":	1.000056,
					"seconds":	1.0000560283660889,
					"bytes":	235274240,
					"bits_per_second":	1882088469.6582103,
					"retransmits":	243,
					"snd_cwnd":	130966,
					"rtt":	5413,
					"rttvar":	10796,
					"pmtu":	65535,
					"omitted":	false,
					"sender":	true
				}],
			"sum":	{
				"start":	0,
				"end":	1.000056,
				"seconds":	1.0000560283660889,
				"bytes":	235274240,
				"bits_per_second":	1882088469.6582103,
				"retransmits":	243,
				"omitted":	false,
				"sender":	true
			}
		}, {
			"streams":	[{
					"socket":	5,
					"start":	1.000056,
					"end":	2.000082,
					"seconds":	1.0000259876251221,
					"bytes":	82837504,
					"bits_per_second":	662682810.4475472,
					"retransmits":	76,
					"snd_cwnd":	130966,
					"rtt":	276,
					"rttvar":	445,
					"pmtu":	65535,
					"omitted":	false,
					"sender":	true
				}],
			"sum":	{
				"start":	1.000056,
				"end":	2.000082,
				"seconds":	1.0000259876251221,
				"bytes":	82837504,
				"bits_per_second":	662682810.4475472,
				"retransmits":	76,
				"omitted":	false,
				"sender":	true
			}
		}, {
			"streams":	[{
					"socket":	5,
					"start":	2.000082,
					"end":	3.000091,
					"seconds":	1.0000089406967163,
					"bytes":	98828288,
					"bits_per_second":	790619235.313199,
					"retransmits":	81,
					"snd_cwnd":	65483,
					"rtt":	3219,
					"rttvar":	5353,
					"pmtu":	65535,
					"omitted":	false,
					"sender":	true
				}],
			"sum":	{
				"start":	2.000082,
				"end":	3.000091,
				"seconds":	1.0000089406967163,
				"bytes":	98828288,
				"bits_per_second":	790619235.313199,
				"retransmits":	81,
				"omitted":	false,
				"sender":	true
			}
		}, {
			"streams":	[{
					"socket":	5,
					"start":	3.000091,
					"end":	4.000012,
					"seconds":	0.99992102384567261,
					"bytes":	130547712,
					"bits_per_second":	1044464183.7645664,
					"retransmits":	131,
					"snd_cwnd":	130966,
					"rtt":	631,
					"rttvar":	1153,
					"pmtu":	65535,
					"omitted":	false,
					"sender":	true
				}],
			"sum":	{
				"start":	3.000091,
				"end":	4.000012,
				"seconds":	0.99992102384567261,
				"bytes":	130547712,
				"bits_per_second":	1044464183.7645664,
				"retransmits":	131,
				"omitted":	false,
				"sender":	true
			}
		}, {
			"streams":	[{
					"socket":	5,
					"start":	4.000012,
					"end":	5.000092,
					"seconds":	1.0000799894332886,
					"bytes":	462553088,
					"bits_per_second":	3700128732.7995687,
					"retransmits":	473,
					"snd_cwnd":	130966,
					"rtt":	1988,
					"rttvar":	3333,
					"pmtu":	65535,
					"omitted":	false,
					"sender":	true
				}],
			"sum":	{
				"start":	4.000012,
				"end":	5.000092,
				"seconds":	1.0000799894332886,
				"bytes":	462553088,
				"bits_per_second":	3700128732.7995687,
				"retransmits":	473,
				"omitted":	false,
				"sender":	true
			}
		}, {
			"streams":	[{
					"socket":	5,
					"start":	5.000092,
					"end":	6.000281,
					"seconds":	1.000188946723938,
					"bytes":	118358016,
					"bits_per_second":	946685254.922482,
					"retransmits":	112,
					"snd_cwnd":	130966,
					"rtt":	368,
					"rttvar":	490,
					"pmtu":	65535,
					"omitted":	false,
					"sender":	true
				}],
			"sum":	{
				"start":	5.000092,
				"end":	6.000281,
				"seconds":	1.000188946723938,
				"bytes":	118358016,
				"bits_per_second":	946685254.922482,
				"retransmits":	112,
				"omitted":	false,
				"sender":	true
			}
		}, {
			"streams":	[{
					"socket":	5,
					"start":	6.000281,
					"end":	7.000086,
					"seconds":	0.99980497360229492,
					"bytes":	76677120,
					"bits_per_second":	613536615.8360467,
					"retransmits":	82,
					"snd_cwnd":	65483,
					"rtt":	43,
					"rttvar":	54,
					"pmtu":	65535,
					"omitted":	false,
					"sender":	true
				}],
			"sum":	{
				"start":	6.000281,
				"end":	7.000086,
				"seconds":	0.99980497360229492,
				"bytes":	76677120,
				"bits_per_second":	613536615.8360467,
				"retransmits":	82,
				"omitted":	false,
				"sender":	true
			}
		}, {
			"streams":	[{
					"socket":	5,
					"start":	7.000086,
					"end":	8.000055,
					"seconds":	0.9999690055847168,
					"bytes":	146276352,
					"bits_per_second":	1170247087.1242023,
					"retransmits":	148,
					"snd_cwnd":	130966,
					"rtt":	346,
					"rttvar":	531,
					"pmtu":	65535,
					"omitted":	false,
					"sender":	true
				}],
			"sum":	{
				"start":	7.000086,
				"end":	8.000055,
				"seconds":	0.9999690055847168,
				"bytes":	146276352,
				"bits_per_second":	1170247087.1242023,
				"retransmits":	148,
				"omitted":	false,
				"sender":	true
			}
		}, {
			"streams":	[{
					"socket":	5,
					"start":	8.000055,
					"end":	9.000279,
					"seconds":	1.0002239942550659,
					"bytes":	77201408,
					"bits_per_second":	617472953.60573375,
					"retransmits":	63,
					"snd_cwnd":	65483,
					"rtt":	87,
					"rttvar":	150,
					"pmtu":	65535,
					"omitted":	false,
					"sender":	true
				}],
			"sum":	{
				"start":	8.000055,
				"end":	9.000279,
				"seconds":	1.0002239942550659,
				"bytes":	77201408,
				"bits_per_second":	617472953.60573375,
				"retransmits":	63,
				"omitted":	false,
				"sender":	true
			}
		}, {
			"streams":	[{
					"socket":	5,
					"start":	9.000279,
					"end":	10.000096,
					"seconds":	0.99981701374053955,
					"bytes":	233308160,
					"bits_per_second":	1866806880.0081077,
					"retransmits":	263,
					"snd_cwnd":	65483,
					"rtt":	1688,
					"rttvar":	3339,
					"pmtu":	65535,
					"omitted":	false,
					"sender":	true
				}],
			"sum":	{
				"start":	9.000279,
				"end":	10.000096,
				"seconds":	0.99981701374053955,
				"bytes":	233308160,
				"bits_per_second":	1866806880.0081077,
				"retransmits":	263,
				"omitted":	false,
				"sender":	true
			}
		}],
	"end":	{
		"streams":	[{
				"sender":	{
					"socket":	5,
					"start":	0,
					"end":	10.000096,
					"seconds":	10.000096,
					"bytes":	1661861888,
					"bits_per_second":	1329476747.4232249,
					"retransmits":	1672,
					"max_snd_cwnd":	130966,
					"max_rtt":	5413,
					"min_rtt":	43,
					"mean_rtt":	1405,
					"sender":	true
				},
				"receiver":	{
					"socket":	5,
					"start":	0,
					"end":	10.000156,
					"seconds":	10.000096,
					"bytes":	1660021156,
					"bits_per_second":	1327996208.0591543,
					"sender":	true
				}
			}],
		"sum_sent":	{
			"start":	0,
			"end":	10.000096,
			"seconds":	10.000096,
			"bytes":	1661861888,
			"bits_per_second":	1329476747.4232249,
			"retransmits":	1672,
			"sender":	true
		},
		"sum_received":	{
			"start":	0,
			"end":	10.000156,
			"seconds":	10.000156,
			"bytes":	1660021156,
			"bits_per_second":	1327996208.0591543,
			"sender":	true
		},
		"cpu_utilization_percent":	{
			"host_total":	4.0545539943637205,
			"host_user":	0.075600103931405274,
			"host_system":	3.9789438970279618,
			"remote_total":	1.9340917554136476,
			"remote_user":	0.22335749454101464,
			"remote_system":	1.710734260872633
		},
		"sender_tcp_congestion":	"cubic",
		"receiver_tcp_congestion":	"cubic"
	}
}
