{
    "start": {
        "connected": [{
            "socket": 5,
            "local_host": "127.0.0.1",
            "local_port": 4040,
            "remote_host": "127.0.0.1",
            "remote_port": 38006
        }],
        "version": "iperf 3.7",
        "system_info": "Linux whoami 5.4.0-73-generic #82-Ubuntu SMP Wed Apr 14 17:39:42 UTC 2021 x86_64",
        "target_bitrate": 5000000000,
        "sock_bufsize": 0,
        "sndbuf_actual": 16384,
        "rcvbuf_actual": 131072,
        "timestamp": {
            "time": "Sat, 29 May 2021 06:37:14 GMT",
            "timesecs": 1622270234
        },
        "accepted_connection": {
            "host": "127.0.0.1",
            "port": 38004
        },
        "cookie": "jmuoqct36z4e44k7s6dkywow7jpksuvwfwr6",
        "tcp_mss_default": 0,
        "target_bitrate": 5000000000,
        "test_start": {
            "protocol": "TCP",
            "num_streams": 1,
            "blksize": 131072,
            "omit": 0,
            "duration": 10,
            "bytes": 0,
            "blocks": 0,
            "reverse": 0,
            "tos": 0
        }
    },
    "intervals": [{
        "streams": [{
            "socket": 5,
            "start": 0,
            "end": 1.000115,
            "seconds": 1.0001150369644165,
            "bytes": 233494857,
            "bits_per_second": 1867743996.400347,
            "omitted": false,
            "sender": false
        }],
        "sum": {
            "start": 0,
            "end": 1.000115,
            "seconds": 1.0001150369644165,
            "bytes": 233494857,
            "bits_per_second": 1867743996.400347,
            "omitted": false,
            "sender": false
        }
    }, {
        "streams": [{
            "socket": 5,
            "start": 1.000115,
            "end": 2.000088,
            "seconds": 0.99997299909591675,
            "bytes": 82903729,
            "bits_per_second": 663247740.28861892,
            "omitted": false,
            "sender": false
        }],
        "sum": {
            "start": 1.000115,
            "end": 2.000088,
            "seconds": 0.99997299909591675,
            "bytes": 82903729,
            "bits_per_second": 663247740.28861892,
            "omitted": false,
            "sender": false
        }
    }, {
        "streams": [{
            "socket": 5,
            "start": 2.000088,
            "end": 3.000216,
            "seconds": 1.0001280307769775,
            "bytes": 98814190,
            "bits_per_second": 790412322.896167,
            "omitted": false,
            "sender": false
        }],
        "sum": {
            "start": 2.000088,
            "end": 3.000216,
            "seconds": 1.0001280307769775,
            "bytes": 98814190,
            "bits_per_second": 790412322.896167,
            "omitted": false,
            "sender": false
        }
    }, {
        "streams": [{
            "socket": 5,
            "start": 3.000216,
            "end": 4.000072,
            "seconds": 0.99985599517822266,
            "bytes": 130823318,
            "bits_per_second": 1046737279.2153411,
            "omitted": false,
            "sender": false
        }],
        "sum": {
            "start": 3.000216,
            "end": 4.000072,
            "seconds": 0.99985599517822266,
            "bytes": 130823318,
            "bits_per_second": 1046737279.2153411,
            "omitted": false,
            "sender": false
        }
    }, {
        "streams": [{
            "socket": 5,
            "start": 4.000072,
            "end": 5.00011,
            "seconds": 1.0000380277633667,
            "bytes": 462300696,
            "bits_per_second": 3698264931.2563267,
            "omitted": false,
            "sender": false
        }],
        "sum": {
            "start": 4.000072,
            "end": 5.00011,
            "seconds": 1.0000380277633667,
            "bytes": 462300696,
            "bits_per_second": 3698264931.2563267,
            "omitted": false,
            "sender": false
        }
    }, {
        "streams": [{
            "socket": 5,
            "start": 5.00011,
            "end": 6.000282,
            "seconds": 1.0001720190048218,
            "bytes": 118292321,
            "bits_per_second": 946175807.77915943,
            "omitted": false,
            "sender": false
        }],
        "sum": {
            "start": 5.00011,
            "end": 6.000282,
            "seconds": 1.0001720190048218,
            "bytes": 118292321,
            "bits_per_second": 946175807.77915943,
            "omitted": false,
            "sender": false
        }
    }, {
        "streams": [{
            "socket": 5,
            "start": 6.000282,
            "end": 7.000087,
            "seconds": 0.99980497360229492,
            "bytes": 76677332,
            "bits_per_second": 613538312.166876,
            "omitted": false,
            "sender": false
        }],
        "sum": {
            "start": 6.000282,
            "end": 7.000087,
            "seconds": 0.99980497360229492,
            "bytes": 76677332,
            "bits_per_second": 613538312.166876,
            "omitted": false,
            "sender": false
        }
    }, {
        "streams": [{
            "socket": 5,
            "start": 7.000087,
            "end": 8.000063,
            "seconds": 0.99997597932815552,
            "bytes": 146340139,
            "bits_per_second": 1170749234.1831665,
            "omitted": false,
            "sender": false
        }],
        "sum": {
            "start": 7.000087,
            "end": 8.000063,
            "seconds": 0.99997597932815552,
            "bytes": 146340139,
            "bits_per_second": 1170749234.1831665,
            "omitted": false,
            "sender": false
        }
    }, {
        "streams": [{
            "socket": 5,
            "start": 8.000063,
            "end": 9.000806,
            "seconds": 1.00074303150177,
            "bytes": 77067686,
            "bits_per_second": 616083718.389509,
            "omitted": false,
            "sender": false
        }],
        "sum": {
            "start": 8.000063,
            "end": 9.000806,
            "seconds": 1.00074303150177,
            "bytes": 77067686,
            "bits_per_second": 616083718.389509,
            "omitted": false,
            "sender": false
        }
    }, {
        "streams": [{
            "socket": 5,
            "start": 9.000806,
            "end": 10.000156,
            "seconds": 0.99935001134872437,
            "bytes": 233306888,
            "bits_per_second": 1867669067.6983426,
            "omitted": false,
            "sender": false
        }],
        "sum": {
            "start": 9.000806,
            "end": 10.000156,
            "seconds": 0.99935001134872437,
            "bytes": 233306888,
            "bits_per_second": 1867669067.6983426,
            "omitted": false,
            "sender": false
        }
    }],
    "end": {
        "streams": [{
            "sender": {
                "socket": 5,
                "start": 0,
                "end": 10.000156,
                "seconds": 10.000156,
                "bytes": 0,
                "bits_per_second": 0,
                "sender": false
            },
            "receiver": {
                "socket": 5,
                "start": 0,
                "end": 10.000156,
                "seconds": 10.000156,
                "bytes": 1660021156,
                "bits_per_second": 1327996208.0591543,
                "sender": false
            }
        }],
        "sum_sent": {
            "start": 0,
            "end": 10.000156,
            "seconds": 10.000156,
            "bytes": 0,
            "bits_per_second": 0,
            "sender": false
        },
        "sum_received": {
            "start": 0,
            "end": 10.000156,
            "seconds": 10.000156,
            "bytes": 1660021156,
            "bits_per_second": 1327996208.0591543,
            "sender": false
        },