{
	"start":	{
		"connected":	[{
				"socket":	5,
				"local_host":	"127.0.0.1",
				"local_port":	37462,
				"remote_host":	"127.0.0.1",
				"remote_port":	4040
			}],
		"version":	"iperf 3.7",
		"system_info":	"Linux whoami 5.4.0-73-generic #82-Ubuntu SMP Wed Apr 14 17:39:42 UTC 2021 x86_64",
		"timestamp":	{
			"time":	"Sat, 29 May 2021 05:51:42 GMT",
			"timesecs":	1622267502
		},
		"connecting_to":	{
			"host":	"127.0.0.1",
			"port":	4040
		},
		"cookie":	"joog54saim4qayij3no2ec4h2uxouginjtxr",
		"tcp_mss_default":	32741,
		"target_bitrate":	5000000000,
		"sock_bufsize":	0,
		"sndbuf_actual":	16384,
		"rcvbuf_actual":	131072,
		"test_start":	{
			"protocol":	"TCP",
			"num_streams":	1,
			"blksize":	131072,
			"omit":	0,
			"duration":	10,
			"bytes":	0,
			"blocks":	0,
			"reverse":	0,
			"tos":	0
		}
	},
	"intervals":	[{
			"streams":	[{
					"socket":	5,
					"start":	0,
					"end":	1.000116,
					"seconds":	1.0001159906387329,
					"bytes":	624689152,
					"bits_per_second":	4996933618.4778872,
					"retransmits":	0,
					"snd_cwnd":	1309660,
					"rtt":	70,
					"rttvar":	24,
					"pmtu":	65535,
					"omitted":	false,
					"sender":	true
				}],
			"sum":	{
				"start":	0,
				"end":	1.000116,
				"seconds":	1.0001159906387329,
				"bytes":	624689152,
				"bits_per_second":	4996933618.4778872,
				"retransmits":	0,
				"omitted":	false,
				"sender":	true
			}
		}, {
			"streams":	[{
					"socket":	5,
					"start":	1.000116,
					"end":	2.000107,
					"seconds":	0.99999099969863892,
					"bytes":	624951296,
					"bits_per_second":	4999655366.4049988,
					"retransmits":	0,
					"snd_cwnd":	1309660,
					"rtt":	54,
					"rttvar":	7,
					"pmtu":	65535,
					"omitted":	false,
					"sender":	true
				}],
			"sum":	{
				"start":	1.000116,
				"end":	2.000107,
				"seconds":	0.99999099969863892,
				"bytes":	624951296,
				"bits_per_second":	4999655366.4049988,
				"retransmits":	0,
				"omitted":	false,
				"sender":	true
			}
		}, {
			"streams":	[{
					"socket":	5,
					"start":	2.000107,
					"end":	3.000191,
					"seconds":	1.0000840425491333,
					"bytes":	624295936,
					"bits_per_second":	4993947783.8980026,
					"retransmits":	0,
					"snd_cwnd":	1309660,
					"rtt":	70,
					"rttvar":	19,
					"pmtu":	65535,
					"omitted":	false,
					"sender":	true
				}],
			"sum":	{
				"start":	2.000107,
				"end":	3.000191,
				"seconds":	1.0000840425491333,
				"bytes":	624295936,
				"bits_per_second":	4993947783.8980026,
				"retransmits":	0,
				"omitted":	false,
				"sender":	true
			}
		}, {
			"streams":	[{
					"socket":	5,
					"start":	3.000191,
					"end":	4.000109,
					"seconds":	0.99991798400878906,
					"bytes":	625606656,
					"bits_per_second":	5005263759.6685209,
					"retransmits":	0,
					"snd_cwnd":	1309660,
					"rtt":	99,
					"rttvar":	50,
					"pmtu":	65535,
					"omitted":	false,
					"sender":	true
				}],
			"sum":	{
				"start":	3.000191,
				"end":	4.000109,
				"seconds":	0.99991798400878906,
				"bytes":	625606656,
				"bits_per_second":	5005263759.6685209,
				"retransmits":	0,
				"omitted":	false,
				"sender":	true
			}
		}, {
			"streams":	[{
					"socket":	5,
					"start":	4.000109,
					"end":	5.000065,
					"seconds":	0.99995601177215576,
					"bytes":	625082368,
					"bits_per_second":	5000878923.8015213,
					"retransmits":	0,
					"snd_cwnd":	1309660,
					"rtt":	67,
					"rttvar":	23,
					"pmtu":	65535,
					"omitted":	false,
					"sender":	true
				}],
			"sum":	{
				"start":	4.000109,
				"end":	5.000065,
				"seconds":	0.99995601177215576,
				"bytes":	625082368,
				"bits_per_second":	5000878923.8015213,
				"retransmits":	0,
				"omitted":	false,
				"sender":	true
			}
		}, {
			"streams":	[{
					"socket":	5,
					"start":	5.000065,
					"end":	6.000079,
					"seconds":	1.0000139474868774,
					"bytes":	625082368,
					"bits_per_second":	5000589198.3477764,
					"retransmits":	0,
					"snd_cwnd":	1309660,
					"rtt":	110,
					"rttvar":	60,
					"pmtu":	65535,
					"omitted":	false,
					"sender":	true
				}],
			"sum":	{
				"start":	5.000065,
				"end":	6.000079,
				"seconds":	1.0000139474868774,
				"bytes":	625082368,
				"bits_per_second":	5000589198.3477764,
				"retransmits":	0,
				"omitted":	false,
				"sender":	true
			}
		}, {
			"streams":	[{
					"socket":	5,
					"start":	6.000079,
					"end":	7.000109,
					"seconds":	1.0000300407409668,
					"bytes":	624951296,
					"bits_per_second":	4999460180.5117435,
					"retransmits":	5,
					"snd_cwnd":	1309660,
					"rtt":	53,
					"rttvar":	8,
					"pmtu":	65535,
					"omitted":	false,
					"sender":	true
				}],
			"sum":	{
				"start":	6.000079,
				"end":	7.000109,
				"seconds":	1.0000300407409668,
				"bytes":	624951296,
				"bits_per_second":	4999460180.5117435,
				"retransmits":	5,
				"omitted":	false,
				"sender":	true
			}
		}, {
			"streams":	[{
					"socket":	5,
					"start":	7.000109,
					"end":	8.000114,
					"seconds":	1.0000050067901611,
					"bytes":	624951296,
					"bits_per_second":	4999585336.125329,
					"retransmits":	0,
					"snd_cwnd":	1309660,
					"rtt":	68,
					"rttvar":	11,
					"pmtu":	65535,
					"omitted":	false,
					"sender":	true
				}],
			"sum":	{
				"start":	7.000109,
				"end":	8.000114,
				"seconds":	1.0000050067901611,
				"bytes":	624951296,
				"bits_per_second":	4999585336.125329,
				"retransmits":	0,
				"omitted":	false,
				"sender":	true
			}
		}, {
			"streams":	[{
					"socket":	5,
					"start":	8.000114,
					"end":	9.00011,
					"seconds":	0.9999960064888,
					"bytes":	624951296,
					"bits_per_second":	4999630334.0797348,
					"retransmits":	0,
					"snd_cwnd":	1309660,
					"rtt":	46,
					"rttvar":	13,
					"pmtu":	65535,
					"omitted":	false,
					"sender":	true
				}],
			"sum":	{
				"start":	8.000114,
				"end":	9.00011,
				"seconds":	0.9999960064888,
				"bytes":	624951296,
				"bits_per_second":	4999630334.0797348,
				"retransmits":	0,
				"omitted":	false,
				"sender":	true
			}
		}, {
			"streams":	[{
					"socket":	5,
					"start":	9.00011,
					"end":	10.000129,
					"seconds":	1.0000189542770386,
					"bytes":	625082368,
					"bits_per_second":	5000564161.921526,
					"retransmits":	0,
					"snd_cwnd":	1309660,
					"rtt":	62,
					"rttvar":	11,
					"pmtu":	65535,
					"omitted":	false,
					"sender":	true
				}],
			"sum":	{
				"start":	9.00011,
				"end":	10.000129,
				"seconds":	1.0000189542770386,
				"bytes":	625082368,
				"bits_per_second":	5000564161.921526,
				"retransmits":	0,
				"omitted":	false,
				"sender":	true
			}
		}],
	"end":	{
		"streams":	[{
				"sender":	{
					"socket":	5,
					"start":	0,
					"end":	10.000129,
					"seconds":	10.000129,
					"bytes":	6249644032,
					"bits_per_second":	4999650730.1055822,
					"retransmits":	5,
					"max_snd_cwnd":	1309660,
					"max_rtt":	110,
					"min_rtt":	46,
					"mean_rtt":	69,
					"sender":	true
				},
				"receiver":	{
					"socket":	5,
					"start":	0,
					"end":	10.000172,
					"seconds":	10.000129,
					"bytes":	6249644032,
					"bits_per_second":	4999629231.97721,
					"sender":	true
				}
			}],
		"sum_sent":	{
			"start":	0,
			"end":	10.000129,
			"seconds":	10.000129,
			"bytes":	6249644032,
			"bits_per_second":	4999650730.1055822,
			"retransmits":	5,
			"sender":	true
		},
		"sum_received":	{
			"start":	0,
			"end":	10.000172,
			"seconds":	10.000172,
			"bytes":	6249644032,
			"bits_per_second":	4999629231.97721,
			"sender":	true
		},
		"cpu_utilization_percent":	{
			"host_total":	37.199985310005786,
			"host_user":	1.0407641351774866,
			"host_system":	36.159221174828296,
			"remote_total":	20.502205209904965,
			"remote_user":	2.5361399497157473,
			"remote_system":	17.966050404288485
		},
		"sender_tcp_congestion":	"cubic",
		"receiver_tcp_congestion":	"cubic"
	}
}
