{
	"start":	{
		"connected":	[{
				"socket":	5,
				"local_host":	"127.0.0.1",
				"local_port":	35875,
				"remote_host":	"127.0.0.1",
				"remote_port":	4040
			}],
		"version":	"iperf 3.7",
		"system_info":	"Linux whoami 5.4.0-73-generic #82-Ubuntu SMP Wed Apr 14 17:39:42 UTC 2021 x86_64",
		"timestamp":	{
			"time":	"Sat, 29 May 2021 06:56:08 GMT",
			"timesecs":	1622271368
		},
		"connecting_to":	{
			"host":	"127.0.0.1",
			"port":	4040
		},
		"cookie":	"npx7igy3g2lcdblsuv4a3l65papo5n4dcraa",
		"sock_bufsize":	0,
		"sndbuf_actual":	212992,
		"rcvbuf_actual":	212992,
		"test_start":	{
			"protocol":	"UDP",
			"num_streams":	1,
			"blksize":	32768,
			"omit":	0,
			"duration":	10,
			"bytes":	0,
			"blocks":	0,
			"reverse":	0,
			"tos":	0
		}
	},
	"intervals":	[{
			"streams":	[{
					"socket":	5,
					"start":	0,
					"end":	1.00009,
					"seconds":	1.0000900030136108,
					"bytes":	624525312,
					"bits_per_second":	4995752863.1870584,
					"packets":	19059,
					"omitted":	false,
					"sender":	true
				}],
			"sum":	{
				"start":	0,
				"end":	1.00009,
				"seconds":	1.0000900030136108,
				"bytes":	624525312,
				"bits_per_second":	4995752863.1870584,
				"packets":	19059,
				"omitted":	false,
				"sender":	true
			}
		}, {
			"streams":	[{
					"socket":	5,
					"start":	1.00009,
					"end":	2.000091,
					"seconds":	1.0000009536743164,
					"bytes":	625016832,
					"bits_per_second":	5000129887.5045471,
					"packets":	19074,
					"omitted":	false,
					"sender":	true
				}],
			"sum":	{
				"start":	1.00009,
				"end":	2.000091,
				"seconds":	1.0000009536743164,
				"bytes":	625016832,
				"bits_per_second":	5000129887.5045471,
				"packets":	19074,
				"omitted":	false,
				"sender":	true
			}
		}, {
			"streams":	[{
					"socket":	5,
					"start":	2.000091,
					"end":	3.000106,
					"seconds":	1.0000150203704834,
					"bytes":	624984064,
					"bits_per_second":	4999797413.1905117,
					"packets":	19073,
					"omitted":	false,
					"sender":	true
				}],
			"sum":	{
				"start":	2.000091,
				"end":	3.000106,
				"seconds":	1.0000150203704834,
				"bytes":	624984064,
				"bits_per_second":	4999797413.1905117,
				"packets":	19073,
				"omitted":	false,
				"sender":	true
			}
		}, {
			"streams":	[{
					"socket":	5,
					"start":	3.000106,
					"end":	4.000062,
					"seconds":	0.99995601177215576,
					"bytes":	624984064,
					"bits_per_second":	5000092457.20625,
					"packets":	19073,
					"omitted":	false,
					"sender":	true
				}],
			"sum":	{
				"start":	3.000106,
				"end":	4.000062,
				"seconds":	0.99995601177215576,
				"bytes":	624984064,
				"bits_per_second":	5000092457.20625,
				"packets":	19073,
				"omitted":	false,
				"sender":	true
			}
		}, {
			"streams":	[{
					"socket":	5,
					"start":	4.000062,
					"end":	5.000094,
					"seconds":	1.0000319480895996,
					"bytes":	625049600,
					"bits_per_second":	5000237051.9786444,
					"packets":	19075,
					"omitted":	false,
					"sender":	true
				}],
			"sum":	{
				"start":	4.000062,
				"end":	5.000094,
				"seconds":	1.0000319480895996,
				"bytes":	625049600,
				"bits_per_second":	5000237051.9786444,
				"packets":	19075,
				"omitted":	false,
				"sender":	true
			}
		}, {
			"streams":	[{
					"socket":	5,
					"start":	5.000094,
					"end":	6.000061,
					"seconds":	0.99996697902679443,
					"bytes":	624951296,
					"bits_per_second":	4999775465.4516783,
					"packets":	19072,
					"omitted":	false,
					"sender":	true
				}],
			"sum":	{
				"start":	5.000094,
				"end":	6.000061,
				"seconds":	0.99996697902679443,
				"bytes":	624951296,
				"bits_per_second":	4999775465.4516783,
				"packets":	19072,
				"omitted":	false,
				"sender":	true
			}
		}, {
			"streams":	[{
					"socket":	5,
					"start":	6.000061,
					"end":	7.000085,
					"seconds":	1.0000239610671997,
					"bytes":	625016832,
					"bits_per_second":	5000014850.3081722,
					"packets":	19074,
					"omitted":	false,
					"sender":	true
				}],
			"sum":	{
				"start":	6.000061,
				"end":	7.000085,
				"seconds":	1.0000239610671997,
				"bytes":	625016832,
				"bits_per_second":	5000014850.3081722,
				"packets":	19074,
				"omitted":	false,
				"sender":	true
			}
		}, {
			"streams":	[{
					"socket":	5,
					"start":	7.000085,
					"end":	8.000103,
					"seconds":	1.0000180006027222,
					"bytes":	625049600,
					"bits_per_second":	5000306791.4639578,
					"packets":	19075,
					"omitted":	false,
					"sender":	true
				}],
			"sum":	{
				"start":	7.000085,
				"end":	8.000103,
				"seconds":	1.0000180006027222,
				"bytes":	625049600,
				"bits_per_second":	5000306791.4639578,
				"packets":	19075,
				"omitted":	false,
				"sender":	true
			}
		}, {
			"streams":	[{
					"socket":	5,
					"start":	8.000103,
					"end":	9.00006,
					"seconds":	0.99995702505111694,
					"bytes":	625016832,
					"bits_per_second":	5000349545.7661266,
					"packets":	19074,
					"omitted":	false,
					"sender":	true
				}],
			"sum":	{
				"start":	8.000103,
				"end":	9.00006,
				"seconds":	0.99995702505111694,
				"bytes":	625016832,
				"bits_per_second":	5000349545.7661266,
				"packets":	19074,
				"omitted":	false,
				"sender":	true
			}
		}, {
			"streams":	[{
					"socket":	5,
					"start":	9.00006,
					"end":	10.000102,
					"seconds":	1.0000419616699219,
					"bytes":	625016832,
					"bits_per_second":	4999924850.8037767,
					"packets":	19074,
					"omitted":	false,
					"sender":	true
				}],
			"sum":	{
				"start":	9.00006,
				"end":	10.000102,
				"seconds":	1.0000419616699219,
				"bytes":	625016832,
				"bits_per_second":	4999924850.8037767,
				"packets":	19074,
				"omitted":	false,
				"sender":	true
			}
		}],
	"end":	{
		"streams":	[{
				"udp":	{
					"socket":	5,
					"start":	0,
					"end":	10.000102,
					"seconds":	10.000102,
					"bytes":	6249611264,
					"bits_per_second":	4999638014.8922482,
					"jitter_ms":	0.0029030675403905913,
					"lost_packets":	43693,
					"packets":	190723,
					"lost_percent":	22.909140481221456,
					"out_of_order":	0,
					"sender":	true
				}
			}],
		"sum":	{
			"start":	0,
			"end":	10.000133,
			"seconds":	10.000133,
			"bytes":	6249611264,
			"bits_per_second":	4999638014.8922482,
			"jitter_ms":	0.0029030675403905913,
			"lost_packets":	43693,
			"packets":	190723,
			"lost_percent":	22.909140481221456,
			"sender":	true
		},
		"cpu_utilization_percent":	{
			"host_total":	18.775608876774154,
			"host_user":	1.6202021425999837,
			"host_system":	17.155406734174171,
			"remote_total":	10.083801811381546,
			"remote_user":	1.6583963510250432,
			"remote_system":	8.4253966049967612
		}
	}
}
