{
	"start":	{
		"connected":	[{
				"socket":	5,
				"local_host":	"127.0.0.1",
				"local_port":	4040,
				"remote_host":	"127.0.0.1",
				"remote_port":	57694
			}],
		"version":	"iperf 3.7",
		"system_info":	"Linux whoami 5.4.0-73-generic #82-Ubuntu SMP Wed Apr 14 17:39:42 UTC 2021 x86_64",
		"target_bitrate":	5000000000,
		"timestamp":	{
			"time":	"Sat, 29 May 2021 07:57:02 GMT",
			"timesecs":	1622275022
		},
		"accepted_connection":	{
			"host":	"127.0.0.1",
			"port":	38610
		},
		"cookie":	"yfnu2ofc5ybukqypdbrymyi5spablyzvs4gt",
		"sock_bufsize":	0,
		"sndbuf_actual":	212992,
		"rcvbuf_actual":	212992,
		"test_start":	{
			"protocol":	"UDP",
			"num_streams":	1,
			"blksize":	32741,
			"omit":	0,
			"duration":	10,
			"bytes":	0,
			"blocks":	0,
			"reverse":	0,
			"tos":	0
		}
	},
	"intervals":	[{
			"streams":	[{
					"socket":	5,
					"start":	0,
					"end":	1.000057,
					"seconds":	1.0000569820404053,
					"bytes":	10247933,
					"bits_per_second":	81978792.681123063,
					"jitter_ms":	49.690723843287337,
					"lost_packets":	18019,
					"packets":	18332,
					"lost_percent":	98.292603098407156,
					"omitted":	false,
					"sender":	false
				}],
			"sum":	{
				"start":	0,
				"end":	1.000057,
				"seconds":	1.0000569820404053,
				"bytes":	10247933,
				"bits_per_second":	81978792.681123063,
				"jitter_ms":	49.690723843287337,
				"lost_packets":	18019,
				"packets":	18332,
				"lost_percent":	98.292603098407156,
				"omitted":	false,
				"sender":	false
			}
		}, {
			"streams":	[{
					"socket":	5,
					"start":	1.000057,
					"end":	2.000059,
					"seconds":	1.0000020265579224,
					"bytes":	66267784,
					"bits_per_second":	530141197.63815594,
					"jitter_ms":	172.93588828874618,
					"lost_packets":	15936,
					"packets":	17960,
					"lost_percent":	88.730512249443208,
					"omitted":	false,
					"sender":	false
				}],
			"sum":	{
				"start":	1.000057,
				"end":	2.000059,
				"seconds":	1.0000020265579224,
				"bytes":	66267784,
				"bits_per_second":	530141197.63815594,
				"jitter_ms":	172.93588828874618,
				"lost_packets":	15936,
				"packets":	17960,
				"lost_percent":	88.730512249443208,
				"omitted":	false,
				"sender":	false
			}
		}, {
			"streams":	[{
					"socket":	5,
					"start":	2.000059,
					"end":	3.000062,
					"seconds":	1.0000029802322388,
					"bytes":	65056367,
					"bits_per_second":	520449384.93996435,
					"jitter_ms":	179.42233564395283,
					"lost_packets":	17066,
					"packets":	19053,
					"lost_percent":	89.571196137091277,
					"omitted":	false,
					"sender":	false
				}],
			"sum":	{
				"start":	2.000059,
				"end":	3.000062,
				"seconds":	1.0000029802322388,
				"bytes":	65056367,
				"bits_per_second":	520449384.93996435,
				"jitter_ms":	179.42233564395283,
				"lost_packets":	17066,
				"packets":	19053,
				"lost_percent":	89.571196137091277,
				"omitted":	false,
				"sender":	false
			}
		}, {
			"streams":	[{
					"socket":	5,
					"start":	3.000062,
					"end":	4.00006,
					"seconds":	0.99999797344207764,
					"bytes":	65154590,
					"bits_per_second":	521237776.31854504,
					"jitter_ms":	242.86789151943387,
					"lost_packets":	18168,
					"packets":	20158,
					"lost_percent":	90.127988887786486,
					"omitted":	false,
					"sender":	false
				}],
			"sum":	{
				"start":	3.000062,
				"end":	4.00006,
				"seconds":	0.99999797344207764,
				"bytes":	65154590,
				"bits_per_second":	521237776.31854504,
				"jitter_ms":	242.86789151943387,
				"lost_packets":	18168,
				"packets":	20158,
				"lost_percent":	90.127988887786486,
				"omitted":	false,
				"sender":	false
			}
		}, {
			"streams":	[{
					"socket":	5,
					"start":	4.00006,
					"end":	5.000058,
					"seconds":	0.99999797344207764,
					"bytes":	65252813,
					"bits_per_second":	522023561.91098505,
					"jitter_ms":	197.59706068392009,
					"lost_packets":	15551,
					"packets":	17544,
					"lost_percent":	88.639990880072958,
					"omitted":	false,
					"sender":	false
				}],
			"sum":	{
				"start":	4.00006,
				"end":	5.000058,
				"seconds":	0.99999797344207764,
				"bytes":	65252813,
				"bits_per_second":	522023561.91098505,
				"jitter_ms":	197.59706068392009,
				"lost_packets":	15551,
				"packets":	17544,
				"lost_percent":	88.639990880072958,
				"omitted":	false,
				"sender":	false
			}
		}, {
			"streams":	[{
					"socket":	5,
					"start":	5.000058,
					"end":	6.00006,
					"seconds":	1.0000020265579224,
					"bytes":	65874892,
					"bits_per_second":	526998068.00789022,
					"jitter_ms":	198.69013627459069,
					"lost_packets":	18889,
					"packets":	20901,
					"lost_percent":	90.373666331754464,
					"omitted":	false,
					"sender":	false
				}],
			"sum":	{
				"start":	5.000058,
				"end":	6.00006,
				"seconds":	1.0000020265579224,
				"bytes":	65874892,
				"bits_per_second":	526998068.00789022,
				"jitter_ms":	198.69013627459069,
				"lost_packets":	18889,
				"packets":	20901,
				"lost_percent":	90.373666331754464,
				"omitted":	false,
				"sender":	false
			}
		}, {
			"streams":	[{
					"socket":	5,
					"start":	6.00006,
					"end":	7.000056,
					"seconds":	0.9999960064888,
					"bytes":	66202302,
					"bits_per_second":	529620531.04552245,
					"jitter_ms":	235.13594029063165,
					"lost_packets":	17090,
					"packets":	19112,
					"lost_percent":	89.4202595228129,
					"omitted":	false,
					"sender":	false
				}],
			"sum":	{
				"start":	6.00006,
				"end":	7.000056,
				"seconds":	0.9999960064888,
				"bytes":	66202302,
				"bits_per_second":	529620531.04552245,
				"jitter_ms":	235.13594029063165,
				"lost_packets":	17090,
				"packets":	19112,
				"lost_percent":	89.4202595228129,
				"omitted":	false,
				"sender":	false
			}
		}, {
			"streams":	[{
					"socket":	5,
					"start":	7.000056,
					"end":	8.000273,
					"seconds":	1.0002169609069824,
					"bytes":	65383777,
					"bits_per_second":	522956754.82815987,
					"jitter_ms":	242.48803732917921,
					"lost_packets":	16616,
					"packets":	18613,
					"lost_percent":	89.270939665824955,
					"omitted":	false,
					"sender":	false
				}],
			"sum":	{
				"start":	7.000056,
				"end":	8.000273,
				"seconds":	1.0002169609069824,
				"bytes":	65383777,
				"bits_per_second":	522956754.82815987,
				"jitter_ms":	242.48803732917921,
				"lost_packets":	16616,
				"packets":	18613,
				"lost_percent":	89.270939665824955,
				"omitted":	false,
				"sender":	false
			}
		}, {
			"streams":	[{
					"socket":	5,
					"start":	8.000273,
					"end":	9.000058,
					"seconds":	0.99978500604629517,
					"bytes":	65416518,
					"bits_per_second":	523444681.44160891,
					"jitter_ms":	246.77824558183721,
					"lost_packets":	17090,
					"packets":	19088,
					"lost_percent":	89.532690695725066,
					"omitted":	false,
					"sender":	false
				}],
			"sum":	{
				"start":	8.000273,
				"end":	9.000058,
				"seconds":	0.99978500604629517,
				"bytes":	65416518,
				"bits_per_second":	523444681.44160891,
				"jitter_ms":	246.77824558183721,
				"lost_packets":	17090,
				"packets":	19088,
				"lost_percent":	89.532690695725066,
				"omitted":	false,
				"sender":	false
			}
		}, {
			"streams":	[{
					"socket":	5,
					"start":	9.000058,
					"end":	10.000273,
					"seconds":	1.0002150535583496,
					"bytes":	65678446,
					"bits_per_second":	525314597.2266134,
					"jitter_ms":	229.1566781572765,
					"lost_packets":	16583,
					"packets":	18589,
					"lost_percent":	89.208671795147666,
					"omitted":	false,
					"sender":	false
				}],
			"sum":	{
				"start":	9.000058,
				"end":	10.000273,
				"seconds":	1.0002150535583496,
				"bytes":	65678446,
				"bits_per_second":	525314597.2266134,
				"jitter_ms":	229.1566781572765,
				"lost_packets":	16583,
				"packets":	18589,
				"lost_percent":	89.208671795147666,
				"omitted":	false,
				"sender":	false
			}
		}, {
			"streams":	[{
					"socket":	5,
					"start":	10.000273,
					"end":	10.551321,
					"seconds":	0.55104798078536987,
					"bytes":	28026296,