{
	"start":	{
		"connected":	[{
				"socket":	5,
				"local_host":	"127.0.0.1",
				"local_port":	4040,
				"remote_host":	"127.0.0.1",
				"remote_port":	38614
			}],
		"version":	"iperf 3.7",
		"system_info":	"Linux whoami 5.4.0-73-generic #82-Ubuntu SMP Wed Apr 14 17:39:42 UTC 2021 x86_64",
		"target_bitrate":	5000000000,
		"sock_bufsize":	0,
		"sndbuf_actual":	16384,
		"rcvbuf_actual":	131072,
		"timestamp":	{
			"time":	"Sat, 29 May 2021 08:01:47 GMT",
			"timesecs":	1622275307
		},
		"accepted_connection":	{
			"host":	"127.0.0.1",
			"port":	38612
		},
		"cookie":	"latoawyov5yv3t24jsprhvxutlbjhzl7rd2s",
		"tcp_mss_default":	0,
		"target_bitrate":	5000000000,
		"test_start":	{
			"protocol":	"TCP",
			"num_streams":	1,
			"blksize":	131072,
			"omit":	0,
			"duration":	10,
			"bytes":	0,
			"blocks":	0,
			"reverse":	0,
			"tos":	0
		}
	},
	"intervals":	[{
			"streams":	[{
					"socket":	5,
					"start":	0,
					"end":	1.00025,
					"seconds":	1.000249981880188,
					"bytes":	65536,
					"bits_per_second":	524156.970255062,
					"omitted":	false,
					"sender":	false
				}],
			"sum":	{
				"start":	0,
				"end":	1.00025,
				"seconds":	1.000249981880188,
				"bytes":	65536,
				"bits_per_second":	524156.970255062,
				"omitted":	false,
				"sender":	false
			}
		}, {
			"streams":	[{
					"socket":	5,
					"start":	1.00025,
					"end":	2.000375,
					"seconds":	1.0001250505447388,
					"bytes":	65536,
					"bits_per_second":	524222.44569760124,
					"omitted":	false,
					"sender":	false
				}],
			"sum":	{
				"start":	1.00025,
				"end":	2.000375,
				"seconds":	1.0001250505447388,
				"bytes":	65536,
				"bits_per_second":	524222.44569760124,
				"omitted":	false,
				"sender":	false
			}
		}, {
			"streams":	[{
					"socket":	5,
					"start":	2.000375,
					"end":	3.000287,
					"seconds":	0.99991202354431152,
					"bytes":	360448,
					"bits_per_second":	2883837.7098204908,
					"omitted":	false,
					"sender":	false
				}],
			"sum":	{
				"start":	2.000375,
				"end":	3.000287,
				"seconds":	0.99991202354431152,
				"bytes":	360448,
				"bits_per_second":	2883837.7098204908,
				"omitted":	false,
				"sender":	false
			}
		}, {
			"streams":	[{
					"socket":	5,
					"start":	3.000287,
					"end":	4.000303,
					"seconds":	1.0000159740447998,
					"bytes":	196608,
					"bits_per_second":	1572838.8754013414,
					"omitted":	false,
					"sender":	false
				}],
			"sum":	{
				"start":	3.000287,
				"end":	4.000303,
				"seconds":	1.0000159740447998,
				"bytes":	196608,
				"bits_per_second":	1572838.8754013414,
				"omitted":	false,
				"sender":	false
			}
		}, {
			"streams":	[{
					"socket":	5,
					"start":	4.000303,
					"end":	5.000292,
					"seconds":	0.99998897314071655,
					"bytes":	196608,
					"bits_per_second":	1572881.3439412492,
					"omitted":	false,
					"sender":	false
				}],
			"sum":	{
				"start":	4.000303,
				"end":	5.000292,
				"seconds":	0.99998897314071655,
				"bytes":	196608,
				"bits_per_second":	1572881.3439412492,
				"omitted":	false,
				"sender":	false
			}
		}, {
			"streams":	[{
					"socket":	5,
					"start":	5.000292,
					"end":	6.000172,
					"seconds":	0.99988001585006714,
					"bytes":	131072,
					"bits_per_second":	1048701.8275973173,
					"omitted":	false,
					"sender":	false
				}],
			"sum":	{
				"start":	5.000292,
				"end":	6.000172,
				"seconds":	0.99988001585006714,
				"bytes":	131072,
				"bits_per_second":	1048701.8275973173,
				"omitted":	false,
				"sender":	false
			}
		}, {
			"streams":	[{
					"socket":	5,
					"start":	6.000172,
					"end":	7.000436,
					"seconds":	1.000264048576355,
					"bytes":	65536,
					"bits_per_second":	524149.59904457524,
					"omitted":	false,
					"sender":	false
				}],
			"sum":	{
				"start":	6.000172,
				"end":	7.000436,
				"seconds":	1.000264048576355,
				"bytes":	65536,
				"bits_per_second":	524149.59904457524,
				"omitted":	false,
				"sender":	false
			}
		}, {
			"streams":	[{
					"socket":	5,
					"start":	7.000436,
					"end":	8.000337,
					"seconds":	0.99990099668502808,
					"bytes":	131072,
					"bits_per_second":	1048679.8227787993,
					"omitted":	false,
					"sender":	false
				}],
			"sum":	{
				"start":	7.000436,
				"end":	8.000337,
				"seconds":	0.99990099668502808,
				"bytes":	131072,
				"bits_per_second":	1048679.8227787993,
				"omitted":	false,
				"sender":	false
			}
		}, {
			"streams":	[{
					"socket":	5,
					"start":	8.000337,
					"end":	9.000302,
					"seconds":	0.99996501207351685,
					"bytes":	163840,
					"bits_per_second":	1310765.8609795806,
					"omitted":	false,
					"sender":	false
				}],
			"sum":	{
				"start":	8.000337,
				"end":	9.000302,
				"seconds":	0.99996501207351685,
				"bytes":	163840,
				"bits_per_second":	1310765.8609795806,
				"omitted":	false,
				"sender":	false
			}
		}, {
			"streams":	[{
					"socket":	5,
					"start":	9.000302,
					"end":	10.00032,
					"seconds":	1.0000180006027222,
					"bytes":	196608,
					"bits_per_second":	1572835.688009633,
					"omitted":	false,
					"sender":	false
				}],
			"sum":	{
				"start":	9.000302,
				"end":	10.00032,
				"seconds":	1.0000180006027222,
				"bytes":	196608,
				"bits_per_second":	1572835.688009633,
				"omitted":	false,
				"sender":	false
			}
		}, {
			"streams":	[{
					"socket":	5,
					"start":	10.00032,
					"end":	10.510436,
					"seconds":	0.51011598110198975,
					"bytes":	360342,
					"bits_per_second":	5651138.3818489742,
					"omitted":	false,
					"sender":	false
				}],
			"sum":	{
				"start":	10.00032,
				"end":	10.510436,
				"seconds":	0.51011598110198975,
				"bytes":	360342,
				"bits_per_second":	5651138.3818489742,
				"omitted":	false,
				"sender":	false
			}
		}],
	"end":	{
		"streams":	[{
				"sender":	{
					"socket":	5,
					"start":	0,
					"end":	10.510436,
					"seconds":	10.510436,
					"bytes":	0,
					"bits_per_second":	0,
					"sender":	false
				},
				"receiver":	{
					"socket":	5,
					"start":	0,
					"end":	10.510436,
					"seconds":	10.510436,
					"bytes":	1933206,
					"bits_per_second":	1471456.3696501267,
					"sender":	false
				}
			}],
		"sum_sent":	{
			"start":	0,
			"end":	10.510436,
			"seconds":	10.510436,
			"bytes":	0,
			"bits_per_second":	0,
			"sender":	false
		},
		"sum_received":	{
			"start":	0,
			"end":	10.510436,
			"seconds":	10.510436,
			"bytes":	1933206,
			"bits_per_second":	1471456.3696501267,
			"sender":	false
		},
		"cpu_utilization_percent":	{
			"host_total":	0.017756611461627724,
			"host_user":	0.0066310579636641512,
			"host_system":	0.011122199396818576,
			"remote_total":	0,
			"remote_user":	0,
			"remote_system":	0
		},
		"receiver_tcp_congestion":	"cubic"
	}
}
