{
	"start":	{
		"connected":	[{
				"socket":	5,
				"local_host":	"127.0.0.1",
				"local_port":	4040,
				"remote_host":	"127.0.0.1",
				"remote_port":	40865
			}],
		"version":	"iperf 3.7",
		"system_info":	"Linux whoami 5.4.0-73-generic #82-Ubuntu SMP Wed Apr 14 17:39:42 UTC 2021 x86_64",
		"target_bitrate":	5000000000,
		"timestamp":	{
			"time":	"Sat, 29 May 2021 06:28:44 GMT",
			"timesecs":	1622269724
		},
		"accepted_connection":	{
			"host":	"127.0.0.1",
			"port":	37918
		},
		"cookie":	"oagbh2yditvseov5jomm3ggdmifn33xez7fe",
		"sock_bufsize":	0,
		"sndbuf_actual":	212992,
		"rcvbuf_actual":	212992,
		"test_start":	{
			"protocol":	"UDP",
			"num_streams":	1,
			"blksize":	32768,
			"omit":	0,
			"duration":	10,
			"bytes":	0,
			"blocks":	0,
			"reverse":	0,
			"tos":	0
		}
	},
	"intervals":	[{
			"streams":	[{
					"socket":	5,
					"start":	0,
					"end":	1.000057,
					"seconds":	1.0000569820404053,
					"bytes":	599326720,
					"bits_per_second":	4794340568.6919985,
					"jitter_ms":	0.0013271553040278348,
					"lost_packets":	768,
					"packets":	19058,
					"lost_percent":	4.029803756952461,
					"omitted":	false,
					"sender":	false
				}],
			"sum":	{
				"start":	0,
				"end":	1.000057,
				"seconds":	1.0000569820404053,
				"bytes":	599326720,
				"bits_per_second":	4794340568.6919985,
				"jitter_ms":	0.0013271553040278348,
				"lost_packets":	768,
				"packets":	19058,
				"lost_percent":	4.029803756952461,
				"omitted":	false,
				"sender":	false
			}
		}, {
			"streams":	[{
					"socket":	5,
					"start":	1.000057,
					"end":	2.00006,
					"seconds":	1.0000029802322388,
					"bytes":	598310912,
					"bits_per_second":	4786473031.1987629,
					"jitter_ms":	0.001718503957130966,
					"lost_packets":	816,
					"packets":	19075,
					"lost_percent":	4.277850589777195,
					"omitted":	false,
					"sender":	false
				}],
			"sum":	{
				"start":	1.000057,
				"end":	2.00006,
				"seconds":	1.0000029802322388,
				"bytes":	598310912,
				"bits_per_second":	4786473031.1987629,
				"jitter_ms":	0.001718503957130966,
				"lost_packets":	816,
				"packets":	19075,
				"lost_percent":	4.277850589777195,
				"omitted":	false,
				"sender":	false
			}
		}, {
			"streams":	[{
					"socket":	5,
					"start":	2.00006,
					"end":	3.000059,
					"seconds":	0.99999898672103882,
					"bytes":	599949312,
					"bits_per_second":	4799599359.3330526,
					"jitter_ms":	0.0016381307420056087,
					"lost_packets":	765,
					"packets":	19074,
					"lost_percent":	4.0106951871657754,
					"omitted":	false,
					"sender":	false
				}],
			"sum":	{
				"start":	2.00006,
				"end":	3.000059,
				"seconds":	0.99999898672103882,
				"bytes":	599949312,
				"bits_per_second":	4799599359.3330526,
				"jitter_ms":	0.0016381307420056087,
				"lost_packets":	765,
				"packets":	19074,
				"lost_percent":	4.0106951871657754,
				"omitted":	false,
				"sender":	false
			}
		}, {
			"streams":	[{
					"socket":	5,
					"start":	3.000059,
					"end":	4.000058,
					"seconds":	0.99999898672103882,
					"bytes":	596377600,
					"bits_per_second":	4771025634.379899,
					"jitter_ms":	0.00241878194016267,
					"lost_packets":	872,
					"packets":	19072,
					"lost_percent":	4.5721476510067118,
					"omitted":	false,
					"sender":	false
				}],
			"sum":	{
				"start":	3.000059,
				"end":	4.000058,
				"seconds":	0.99999898672103882,
				"bytes":	596377600,
				"bits_per_second":	4771025634.379899,
				"jitter_ms":	0.00241878194016267,
				"lost_packets":	872,
				"packets":	19072,
				"lost_percent":	4.5721476510067118,
				"omitted":	false,
				"sender":	false
			}
		}, {
			"streams":	[{
					"socket":	5,
					"start":	4.000058,
					"end":	5.000061,
					"seconds":	1.0000029802322388,
					"bytes":	600309760,
					"bits_per_second":	4802463767.542654,
					"jitter_ms":	0.0018641876086245115,
					"lost_packets":	754,
					"packets":	19074,
					"lost_percent":	3.9530250602914965,
					"omitted":	false,
					"sender":	false
				}],
			"sum":	{
				"start":	4.000058,
				"end":	5.000061,
				"seconds":	1.0000029802322388,
				"bytes":	600309760,
				"bits_per_second":	4802463767.542654,
				"jitter_ms":	0.0018641876086245115,
				"lost_packets":	754,
				"packets":	19074,
				"lost_percent":	3.9530250602914965,
				"omitted":	false,
				"sender":	false
			}
		}, {
			"streams":	[{
					"socket":	5,
					"start":	5.000061,
					"end":	6.000065,
					"seconds":	1.0000040531158447,
					"bytes":	605552640,
					"bits_per_second":	4844401485.0795822,
					"jitter_ms":	0.0015579510317956695,
					"lost_packets":	598,
					"packets":	19078,
					"lost_percent":	3.1345004717475629,
					"omitted":	false,
					"sender":	false
				}],
			"sum":	{
				"start":	5.000061,
				"end":	6.000065,
				"seconds":	1.0000040531158447,
				"bytes":	605552640,
				"bits_per_second":	4844401485.0795822,
				"jitter_ms":	0.0015579510317956695,
				"lost_packets":	598,
				"packets":	19078,
				"lost_percent":	3.1345004717475629,
				"omitted":	false,
				"sender":	false
			}
		}, {
			"streams":	[{
					"socket":	5,
					"start":	6.000065,
					"end":	7.000062,
					"seconds":	0.99999701976776123,
					"bytes":	621019136,
					"bits_per_second":	4968167894.2941265,
					"jitter_ms":	0.00072284632581790821,
					"lost_packets":	119,
					"packets":	19071,
					"lost_percent":	0.62398405956688163,
					"omitted":	false,
					"sender":	false
				}],
			"sum":	{
				"start":	6.000065,
				"end":	7.000062,
				"seconds":	0.99999701976776123,
				"bytes":	621019136,
				"bits_per_second":	4968167894.2941265,
				"jitter_ms":	0.00072284632581790821,
				"lost_packets":	119,
				"packets":	19071,
				"lost_percent":	0.62398405956688163,
				"omitted":	false,
				"sender":	false
			}
		}, {
			"streams":	[{
					"socket":	5,
					"start":	7.000062,
					"end":	8.000059,
					"seconds":	0.99999701976776123,
					"bytes":	616464384,
					"bits_per_second":	4931729769.7000523,
					"jitter_ms":	0.0011621706973142397,
					"lost_packets":	261,
					"packets":	19074,
					"lost_percent":	1.368354828562441,
					"omitted":	false,
					"sender":	false
				}],
			"sum":	{
				"start":	7.000062,
				"end":	8.000059,
				"seconds":	0.99999701976776123,
				"bytes":	616464384,
				"bits_per_second":	4931729769.7000523,
				"jitter_ms":	0.0011621706973142397,
				"lost_packets":	261,
				"packets":	19074,
				"lost_percent":	1.368354828562441,
				"omitted":	false,
				"sender":	false
			}
		}, {
			"streams":	[{
					"socket":	5,
					"start":	8.000059,
					"end":	9.000062,
					"seconds":	1.0000029802322388,
					"bytes":	620036096,
					"bits_per_second":	4960273985.2315559,
					"jitter_ms":	0.0042704775126174554,
					"lost_packets":	152,
					"packets":	19074,
					"lost_percent":	0.79689629862640243,
					"omitted":	false,
					"sender":	false
				}],
			"sum":	{
				"start":	8.000059,
				"end":	9.000062,
				"seconds":	1.0000029802322388,
				"bytes":	620036096,
				"bits_per_second":	4960273985.2315559,
				"jitter_ms":	0.0042704775126174554,
				"lost_packets":	152,
				"packets":	19074,
				"lost_percent":	0.79689629862640243,
				"omitted":	false,
				"sender":	false
			}
		}, {
			"streams":	[{
					"socket":	5,
					"start":	9.000062,
					"end":	10.000058,
					"seconds":	0.9999960064888,
					"bytes":	619249664,
					"bits_per_second":	4954017095.9227571,
					"jitter_ms":	0.0017508562805573641,
					"lost_packets":	174,
					"packets":	19072,
					"lost_percent":	0.91233221476510062,
					"omitted":	false,
					"sender":	false
				}],
			"sum":	{
				"start":	9.000062,
				"end":	10.000058,
				"seconds":	0.9999960064888,
				"bytes":	619249664,
				"bits_per_second":	4954017095.9227571,
				"jitter_ms":	0.0017508562805573641,
				"lost_packets":	174,
				"packets":	19072,
				"lost_percent":	0.91233221476510062,
				"omitted":	false,
				"sender":	false
			}
		}],
	"end":	{
		"streams":	[{
				"udp":	{
					"socket":	5,
					"start":	0,
					"end":	10.000162,
					"seconds":	10.000162,