{
	"start":	{
		"connected":	[{
				"socket":	5,
				"local_host":	"127.0.0.1",
				"local_port":	4040,
				"remote_host":	"127.0.0.1",
				"remote_port":	38606
			}],
		"version":	"iperf 3.7",
		"system_info":	"Linux whoami 5.4.0-73-generic #82-Ubuntu SMP Wed Apr 14 17:39:42 UTC 2021 x86_64",
		"target_bitrate":	5000000000,
		"sock_bufsize":	0,
		"sndbuf_actual":	16384,
		"rcvbuf_actual":	131072,
		"timestamp":	{
			"time":	"Sat, 29 May 2021 07:44:17 GMT",
			"timesecs":	1622274257
		},
		"accepted_connection":	{
			"host":	"127.0.0.1",
			"port":	38604
		},
		"cookie":	"yc7m2gibwvs67tqtti4puawzg6ndorvh7as7",
		"tcp_mss_default":	0,
		"target_bitrate":	5000000000,
		"test_start":	{
			"protocol":	"TCP",
			"num_streams":	1,
			"blksize":	131072,
			"omit":	0,
			"duration":	10,
			"bytes":	0,
			"blocks":	0,
			"reverse":	0,
			"tos":	0
		}
	},
	"intervals":	[{
			"streams":	[{
					"socket":	5,
					"start":	0,
					"end":	1.000396,
					"seconds":	1.0003960132598877,
					"bytes":	65536,
					"bits_per_second":	524080.45718970487,
					"omitted":	false,
					"sender":	false
				}],
			"sum":	{
				"start":	0,
				"end":	1.000396,
				"seconds":	1.0003960132598877,
				"bytes":	65536,
				"bits_per_second":	524080.45718970487,
				"omitted":	false,
				"sender":	false
			}
		}, {
			"streams":	[{
					"socket":	5,
					"start":	1.000396,
					"end":	2.000787,
					"seconds":	1.0003910064697266,
					"bytes":	131072,
					"bits_per_second":	1048166.1602499938,
					"omitted":	false,
					"sender":	false
				}],
			"sum":	{
				"start":	1.000396,
				"end":	2.000787,
				"seconds":	1.0003910064697266,
				"bytes":	131072,
				"bits_per_second":	1048166.1602499938,
				"omitted":	false,
				"sender":	false
			}
		}, {
			"streams":	[{
					"socket":	5,
					"start":	2.000787,
					"end":	3.000734,
					"seconds":	0.99994701147079468,
					"bytes":	65536,
					"bits_per_second":	524315.78272216558,
					"omitted":	false,
					"sender":	false
				}],
			"sum":	{
				"start":	2.000787,
				"end":	3.000734,
				"seconds":	0.99994701147079468,
				"bytes":	65536,
				"bits_per_second":	524315.78272216558,
				"omitted":	false,
				"sender":	false
			}
		}, {
			"streams":	[{
					"socket":	5,
					"start":	3.000734,
					"end":	4.000731,
					"seconds":	0.99999701976776123,
					"bytes":	917504,
					"bits_per_second":	7340053.8750651926,
					"omitted":	false,
					"sender":	false
				}],
			"sum":	{
				"start":	3.000734,
				"end":	4.000731,
				"seconds":	0.99999701976776123,
				"bytes":	917504,
				"bits_per_second":	7340053.8750651926,
				"omitted":	false,
				"sender":	false
			}
		}, {
			"streams":	[{
					"socket":	5,
					"start":	4.000731,
					"end":	5.000735,
					"seconds":	1.0000040531158447,
					"bytes":	1932358,
					"bits_per_second":	15458801.343687333,
					"omitted":	false,
					"sender":	false
				}],
			"sum":	{
				"start":	4.000731,
				"end":	5.000735,
				"seconds":	1.0000040531158447,
				"bytes":	1932358,
				"bits_per_second":	15458801.343687333,
				"omitted":	false,
				"sender":	false
			}
		}, {
			"streams":	[{
					"socket":	5,
					"start":	5.000735,
					"end":	6.000727,
					"seconds":	0.9999920129776001,
					"bytes":	2916458,
					"bits_per_second":	23331850.352011394,
					"omitted":	false,
					"sender":	false
				}],
			"sum":	{
				"start":	5.000735,
				"end":	6.000727,
				"seconds":	0.9999920129776001,
				"bytes":	2916458,
				"bits_per_second":	23331850.352011394,
				"omitted":	false,
				"sender":	false
			}
		}, {
			"streams":	[{
					"socket":	5,
					"start":	6.000727,
					"end":	7.000735,
					"seconds":	1.0000079870224,
					"bytes":	3605169,
					"bits_per_second":	28841121.645315379,
					"omitted":	false,
					"sender":	false
				}],
			"sum":	{
				"start":	6.000727,
				"end":	7.000735,
				"seconds":	1.0000079870224,
				"bytes":	3605169,
				"bits_per_second":	28841121.645315379,
				"omitted":	false,
				"sender":	false
			}
		}, {
			"streams":	[{
					"socket":	5,
					"start":	7.000735,
					"end":	8.000711,
					"seconds":	0.99997597932815552,
					"bytes":	5175701,
					"bits_per_second":	41406602.6144136,
					"omitted":	false,
					"sender":	false
				}],
			"sum":	{
				"start":	7.000735,
				"end":	8.000711,
				"seconds":	0.99997597932815552,
				"bytes":	5175701,
				"bits_per_second":	41406602.6144136,
				"omitted":	false,
				"sender":	false
			}
		}, {
			"streams":	[{
					"socket":	5,
					"start":	8.000711,
					"end":	9.000682,
					"seconds":	0.99997097253799438,
					"bytes":	5504600,
					"bits_per_second":	44038078.31364505,
					"omitted":	false,
					"sender":	false
				}],
			"sum":	{
				"start":	8.000711,
				"end":	9.000682,
				"seconds":	0.99997097253799438,
				"bytes":	5504600,
				"bits_per_second":	44038078.31364505,
				"omitted":	false,
				"sender":	false
			}
		}, {
			"streams":	[{
					"socket":	5,
					"start":	9.000682,
					"end":	10.000735,
					"seconds":	1.00005304813385,
					"bytes":	5308575,
					"bits_per_second":	42466347.239527516,
					"omitted":	false,
					"sender":	false
				}],
			"sum":	{
				"start":	9.000682,
				"end":	10.000735,
				"seconds":	1.00005304813385,
				"bytes":	5308575,
				"bits_per_second":	42466347.239527516,
				"omitted":	false,
				"sender":	false
			}
		}, {
			"streams":	[{
					"socket":	5,
					"start":	10.000735,
					"end":	10.500369,
					"seconds":	0.49963399767875671,
					"bytes":	2817995,
					"bits_per_second":	45120948.743953973,
					"omitted":	false,
					"sender":	false
				}],
			"sum":	{
				"start":	10.000735,
				"end":	10.500369,
				"seconds":	0.49963399767875671,
				"bytes":	2817995,
				"bits_per_second":	45120948.743953973,
				"omitted":	false,
				"sender":	false
			}
		}],
	"end":	{
		"streams":	[{
				"sender":	{
					"socket":	5,
					"start":	0,
					"end":	10.500369,
					"seconds":	10.500369,
					"bytes":	0,
					"bits_per_second":	0,
					"sender":	false
				},
				"receiver":	{
					"socket":	5,
					"start":	0,
					"end":	10.500369,
					"seconds":	10.500369,
					"bytes":	28440504,
					"bits_per_second":	21668193.946327031,
					"sender":	false
				}
			}],
		"sum_sent":	{
			"start":	0,
			"end":	10.500369,
			"seconds":	10.500369,
			"bytes":	0,
			"bits_per_second":	0,
			"sender":	false
		},
		"sum_received":	{
			"start":	0,
			"end":	10.500369,
			"seconds":	10.500369,
			"bytes":	28440504,
			"bits_per_second":	21668193.946327031,
			"sender":	false
		},
		"cpu_utilization_percent":	{
			"host_total":	0.045790307746012907,
			"host_user":	0,
			"host_system":	0.045790307746012907,
			"remote_total":	0,
			"remote_user":	0,
			"remote_system":	0
		},
		"receiver_tcp_congestion":	"cubic"
	}
}
