{
	"start":	{
		"connected":	[{
				"socket":	5,
				"local_host":	"127.0.0.1",
				"local_port":	40069,
				"remote_host":	"127.0.0.1",
				"remote_port":	4040
			}],
		"version":	"iperf 3.7",
		"system_info":	"Linux whoami 5.4.0-73-generic #82-Ubuntu SMP Wed Apr 14 17:39:42 UTC 2021 x86_64",
		"timestamp":	{
			"time":	"Sat, 29 May 2021 07:49:00 GMT",
			"timesecs":	1622274540
		},
		"connecting_to":	{
			"host":	"127.0.0.1",
			"port":	4040
		},
		"cookie":	"r7ii7nrk7wszj7qyii3nwobrtal3g2xufdyt",
		"sock_bufsize":	0,
		"sndbuf_actual":	212992,
		"rcvbuf_actual":	212992,
		"test_start":	{
			"protocol":	"UDP",
			"num_streams":	1,
			"blksize":	32741,
			"omit":	0,
			"duration":	10,
			"bytes":	0,
			"blocks":	0,
			"reverse":	0,
			"tos":	0
		}
	},
	"intervals":	[{
			"streams":	[{
					"socket":	5,
					"start":	0,
					"end":	1.000288,
					"seconds":	1.0002880096435547,
					"bytes":	624600057,
					"bits_per_second":	4995361743.6447859,
					"packets":	19077,
					"omitted":	false,
					"sender":	true
				}],
			"sum":	{
				"start":	0,
				"end":	1.000288,
				"seconds":	1.0002880096435547,
				"bytes":	624600057,
				"bits_per_second":	4995361743.6447859,
				"packets":	19077,
				"omitted":	false,
				"sender":	true
			}
		}, {
			"streams":	[{
					"socket":	5,
					"start":	1.000288,
					"end":	2.000275,
					"seconds":	0.999987006187439,
					"bytes":	625025690,
					"bits_per_second":	5000270492.5775347,
					"packets":	19090,
					"omitted":	false,
					"sender":	true
				}],
			"sum":	{
				"start":	1.000288,
				"end":	2.000275,
				"seconds":	0.999987006187439,
				"bytes":	625025690,
				"bits_per_second":	5000270492.5775347,
				"packets":	19090,
				"omitted":	false,
				"sender":	true
			}
		}, {
			"streams":	[{
					"socket":	5,
					"start":	2.000275,
					"end":	3.000263,
					"seconds":	0.99998801946640015,
					"bytes":	624992949,
					"bits_per_second":	5000003494.7098675,
					"packets":	19089,
					"omitted":	false,
					"sender":	true
				}],
			"sum":	{
				"start":	2.000275,
				"end":	3.000263,
				"seconds":	0.99998801946640015,
				"bytes":	624992949,
				"bits_per_second":	5000003494.7098675,
				"packets":	19089,
				"omitted":	false,
				"sender":	true
			}
		}, {
			"streams":	[{
					"socket":	5,
					"start":	3.000263,
					"end":	4.000271,
					"seconds":	1.0000079870224,
					"bytes":	624992949,
					"bits_per_second":	4999903657.6574888,
					"packets":	19089,
					"omitted":	false,
					"sender":	true
				}],
			"sum":	{
				"start":	3.000263,
				"end":	4.000271,
				"seconds":	1.0000079870224,
				"bytes":	624992949,
				"bits_per_second":	4999903657.6574888,
				"packets":	19089,
				"omitted":	false,
				"sender":	true
			}
		}, {
			"streams":	[{
					"socket":	5,
					"start":	4.000271,
					"end":	5.000277,
					"seconds":	1.0000059604644775,
					"bytes":	624992949,
					"bits_per_second":	4999913790.1914625,
					"packets":	19089,
					"omitted":	false,
					"sender":	true
				}],
			"sum":	{
				"start":	4.000271,
				"end":	5.000277,
				"seconds":	1.0000059604644775,
				"bytes":	624992949,
				"bits_per_second":	4999913790.1914625,
				"packets":	19089,
				"omitted":	false,
				"sender":	true
			}
		}, {
			"streams":	[{
					"socket":	5,
					"start":	5.000277,
					"end":	6.000079,
					"seconds":	0.99980199337005615,
					"bytes":	625025690,
					"bits_per_second":	5001195789.9240522,
					"packets":	19090,
					"omitted":	false,
					"sender":	true
				}],
			"sum":	{
				"start":	5.000277,
				"end":	6.000079,
				"seconds":	0.99980199337005615,
				"bytes":	625025690,
				"bits_per_second":	5001195789.9240522,
				"packets":	19090,
				"omitted":	false,
				"sender":	true
			}
		}, {
			"streams":	[{
					"socket":	5,
					"start":	6.000079,
					"end":	7.000106,
					"seconds":	1.0000269412994385,
					"bytes":	624861985,
					"bits_per_second":	4998761206.8775043,
					"packets":	19085,
					"omitted":	false,
					"sender":	true
				}],
			"sum":	{
				"start":	6.000079,
				"end":	7.000106,
				"seconds":	1.0000269412994385,
				"bytes":	624861985,
				"bits_per_second":	4998761206.8775043,
				"packets":	19085,
				"omitted":	false,
				"sender":	true
			}
		}, {
			"streams":	[{
					"socket":	5,
					"start":	7.000106,
					"end":	8.000265,
					"seconds":	1.0001590251922607,
					"bytes":	624992949,
					"bits_per_second":	4999148601.4325171,
					"packets":	19089,
					"omitted":	false,
					"sender":	true
				}],
			"sum":	{
				"start":	7.000106,
				"end":	8.000265,
				"seconds":	1.0001590251922607,
				"bytes":	624992949,
				"bits_per_second":	4999148601.4325171,
				"packets":	19089,
				"omitted":	false,
				"sender":	true
			}
		}, {
			"streams":	[{
					"socket":	5,
					"start":	8.000265,
					"end":	9.000279,
					"seconds":	1.0000139474868774,
					"bytes":	625123913,
					"bits_per_second":	5000921553.7122545,
					"packets":	19093,
					"omitted":	false,
					"sender":	true
				}],
			"sum":	{
				"start":	8.000265,
				"end":	9.000279,
				"seconds":	1.0000139474868774,
				"bytes":	625123913,
				"bits_per_second":	5000921553.7122545,
				"packets":	19093,
				"omitted":	false,
				"sender":	true
			}
		}, {
			"streams":	[{
					"socket":	5,
					"start":	9.000279,
					"end":	10.000273,
					"seconds":	0.99999397993087769,
					"bytes":	625025690,
					"bits_per_second":	5000235621.7640705,
					"packets":	19090,
					"omitted":	false,
					"sender":	true
				}],
			"sum":	{
				"start":	9.000279,
				"end":	10.000273,
				"seconds":	0.99999397993087769,
				"bytes":	625025690,
				"bits_per_second":	5000235621.7640705,
				"packets":	19090,
				"omitted":	false,
				"sender":	true
			}
		}],
	"end":	{
		"streams":	[{
				"udp":	{
					"socket":	5,
					"start":	0,
					"end":	10.000273,
					"seconds":	10.000273,
					"bytes":	6249634821,
					"bits_per_second":	4999571368.50164,
					"jitter_ms":	0.010422004685944716,
					"lost_packets":	167165,
					"packets":	190881,
					"lost_percent":	87.57550515766367,
					"out_of_order":	0,
					"sender":	true
				}
			}],
		"sum":	{
			"start":	0,
			"end":	11.796143,
			"seconds":	11.796143,
			"bytes":	6249634821,
			"bits_per_second":	4999571368.50164,
			"jitter_ms":	0.010422004685944716,
			"lost_packets":	167165,
			"packets":	190881,
			"lost_percent":	87.57550515766367,
			"sender":	true
		},
		"cpu_utilization_percent":	{
			"host_total":	13.526873459473729,
			"host_user":	4.8712016527695958,
			"host_system":	8.65565514504846,
			"remote_total":	0.87310608140021873,
			"remote_user":	0,
			"remote_system":	0.87310608140021873
		}
	}
}
