{
	"start":	{
		"connected":	[{
				"socket":	5,
				"local_host":	"127.0.0.1",
				"local_port":	4040,
				"remote_host":	"127.0.0.1",
				"remote_port":	40069
			}],
		"version":	"iperf 3.7",
		"system_info":	"Linux whoami 5.4.0-73-generic #82-Ubuntu SMP Wed Apr 14 17:39:42 UTC 2021 x86_64",
		"target_bitrate":	5000000000,
		"timestamp":	{
			"time":	"Sat, 29 May 2021 07:49:01 GMT",
			"timesecs":	1622274541
		},
		"accepted_connection":	{
			"host":	"127.0.0.1",
			"port":	38608
		},
		"cookie":	"r7ii7nrk7wszj7qyii3nwobrtal3g2xufdyt",
		"sock_bufsize":	0,
		"sndbuf_actual":	212992,
		"rcvbuf_actual":	212992,
		"test_start":	{
			"protocol":	"UDP",
			"num_streams":	1,
			"blksize":	32741,
			"omit":	0,
			"duration":	10,
			"bytes":	0,
			"blocks":	0,
			"reverse":	0,
			"tos":	0
		}
	},
	"intervals":	[{
			"streams":	[{
					"socket":	5,
					"start":	0,
					"end":	1.00031,
					"seconds":	1.000309944152832,
					"bytes":	0,
					"bits_per_second":	0,
					"jitter_ms":	0,
					"lost_packets":	0,
					"packets":	0,
					"lost_percent":	0,
					"omitted":	false,
					"sender":	false
				}],
			"sum":	{
				"start":	0,
				"end":	1.00031,
				"seconds":	1.000309944152832,
				"bytes":	0,
				"bits_per_second":	0,
				"jitter_ms":	0,
				"lost_packets":	0,
				"packets":	0,
				"lost_percent":	0,
				"omitted":	false,
				"sender":	false
			}
		}, {
			"streams":	[{
					"socket":	5,
					"start":	1.00031,
					"end":	2.000457,
					"seconds":	1.0001469850540161,
					"bytes":	55299549,
					"bits_per_second":	442331375.89882052,
					"jitter_ms":	0.0078967919045114816,
					"lost_packets":	26943,
					"packets":	28632,
					"lost_percent":	94.101005867560772,
					"omitted":	false,
					"sender":	false
				}],
			"sum":	{
				"start":	1.00031,
				"end":	2.000457,
				"seconds":	1.0001469850540161,
				"bytes":	55299549,
				"bits_per_second":	442331375.89882052,
				"jitter_ms":	0.0078967919045114816,
				"lost_packets":	26943,
				"packets":	28632,
				"lost_percent":	94.101005867560772,
				"omitted":	false,
				"sender":	false
			}
		}, {
			"streams":	[{
					"socket":	5,
					"start":	2.000457,
					"end":	3.000458,
					"seconds":	1.0000009536743164,
					"bytes":	59588620,
					"bits_per_second":	476708505.375342,
					"jitter_ms":	0.00606087328820387,
					"lost_packets":	8768,
					"packets":	10588,
					"lost_percent":	82.810729127313934,
					"omitted":	false,
					"sender":	false
				}],
			"sum":	{
				"start":	2.000457,
				"end":	3.000458,
				"seconds":	1.0000009536743164,
				"bytes":	59588620,
				"bits_per_second":	476708505.375342,
				"jitter_ms":	0.00606087328820387,
				"lost_packets":	8768,
				"packets":	10588,
				"lost_percent":	82.810729127313934,
				"omitted":	false,
				"sender":	false
			}
		}, {
			"streams":	[{
					"socket":	5,
					"start":	3.000458,
					"end":	4.000457,
					"seconds":	0.99999898672103882,
					"bytes":	58966541,
					"bits_per_second":	471732805.99692762,
					"jitter_ms":	0.00998773986350013,
					"lost_packets":	17322,
					"packets":	19123,
					"lost_percent":	90.582021649322812,
					"omitted":	false,
					"sender":	false
				}],
			"sum":	{
				"start":	3.000458,
				"end":	4.000457,
				"seconds":	0.99999898672103882,
				"bytes":	58966541,
				"bits_per_second":	471732805.99692762,
				"jitter_ms":	0.00998773986350013,
				"lost_packets":	17322,
				"packets":	19123,
				"lost_percent":	90.582021649322812,
				"omitted":	false,
				"sender":	false
			}
		}, {
			"streams":	[{
					"socket":	5,
					"start":	4.000457,
					"end":	5.000483,
					"seconds":	1.0000259876251221,
					"bytes":	61716785,
					"bits_per_second":	493721449.35205954,
					"jitter_ms":	0.0088383548101492911,
					"lost_packets":	17234,
					"packets":	19119,
					"lost_percent":	90.1406977352372,
					"omitted":	false,
					"sender":	false
				}],
			"sum":	{
				"start":	4.000457,
				"end":	5.000483,
				"seconds":	1.0000259876251221,
				"bytes":	61716785,
				"bits_per_second":	493721449.35205954,
				"jitter_ms":	0.0088383548101492911,
				"lost_packets":	17234,
				"packets":	19119,
				"lost_percent":	90.1406977352372,
				"omitted":	false,
				"sender":	false
			}
		}, {
			"streams":	[{
					"socket":	5,
					"start":	5.000483,
					"end":	6.000672,
					"seconds":	1.000188946723938,
					"bytes":	57394973,
					"bits_per_second":	459073043.65235364,
					"jitter_ms":	0.0081550145976251182,
					"lost_packets":	17360,
					"packets":	19113,
					"lost_percent":	90.828232093339608,
					"omitted":	false,
					"sender":	false
				}],
			"sum":	{
				"start":	5.000483,
				"end":	6.000672,
				"seconds":	1.000188946723938,
				"bytes":	57394973,
				"bits_per_second":	459073043.65235364,
				"jitter_ms":	0.0081550145976251182,
				"lost_packets":	17360,
				"packets":	19113,
				"lost_percent":	90.828232093339608,
				"omitted":	false,
				"sender":	false
			}
		}, {
			"streams":	[{
					"socket":	5,
					"start":	6.000672,
					"end":	7.000112,
					"seconds":	0.99944001436233521,
					"bytes":	58246239,
					"bits_per_second":	466230994.66084427,
					"jitter_ms":	0.0110780935114578,
					"lost_packets":	17335,
					"packets":	19114,
					"lost_percent":	90.692685989327188,
					"omitted":	false,
					"sender":	false
				}],
			"sum":	{
				"start":	6.000672,
				"end":	7.000112,
				"seconds":	0.99944001436233521,
				"bytes":	58246239,
				"bits_per_second":	466230994.66084427,
				"jitter_ms":	0.0110780935114578,
				"lost_packets":	17335,
				"packets":	19114,
				"lost_percent":	90.692685989327188,
				"omitted":	false,
				"sender":	false
			}
		}, {
			"streams":	[{
					"socket":	5,
					"start":	7.000112,
					"end":	8.000529,
					"seconds":	1.0004169940948486,
					"bytes":	42988933,
					"bits_per_second":	343768114.72616196,
					"jitter_ms":	0.023297246611104629,
					"lost_packets":	17795,
					"packets":	19108,
					"lost_percent":	93.128532551810764,
					"omitted":	false,
					"sender":	false
				}],
			"sum":	{
				"start":	7.000112,
				"end":	8.000529,
				"seconds":	1.0004169940948486,
				"bytes":	42988933,
				"bits_per_second":	343768114.72616196,
				"jitter_ms":	0.023297246611104629,
				"lost_packets":	17795,
				"packets":	19108,
				"lost_percent":	93.128532551810764,
				"omitted":	false,
				"sender":	false
			}
		}, {
			"streams":	[{
					"socket":	5,
					"start":	8.000529,
					"end":	9.000287,
					"seconds":	0.99975800514221191,
					"bytes":	42694264,
					"bits_per_second":	341636786.34552687,
					"jitter_ms":	0.0099176209849583044,
					"lost_packets":	17804,
					"packets":	19108,
					"lost_percent":	93.17563324262089,
					"omitted":	false,
					"sender":	false
				}],
			"sum":	{
				"start":	8.000529,
				"end":	9.000287,
				"seconds":	0.99975800514221191,
				"bytes":	42694264,
				"bits_per_second":	341636786.34552687,
				"jitter_ms":	0.0099176209849583044,
				"lost_packets":	17804,
				"packets":	19108,
				"lost_percent":	93.17563324262089,
				"omitted":	false,
				"sender":	false
			}
		}, {
			"streams":	[{
					"socket":	5,
					"start":	9.000287,
					"end":	10.000694,
					"seconds":	1.0004069805145264,
					"bytes":	39485646,
					"bits_per_second":	315756661.19156313,
					"jitter_ms":	0.0106862926349989,
					"lost_packets":	17902,
					"packets":	19108,
					"lost_percent":	93.688507431442332,
					"omitted":	false,
					"sender":	false
				}],
			"sum":	{
				"start":	9.000287,
				"end":	10.000694,
				"seconds":	1.0004069805145264,
				"bytes":	39485646,
				"bits_per_second":	315756661.19156313,
				"jitter_ms":	0.0106862926349989,
				"lost_packets":	17902,
				"packets":	19108,
				"lost_percent":	93.688507431442332,
				"omitted":	false,
				"sender":	false
			}
		}, {
			"streams":	[{
					"socket":	5,
					"start":	10.000694,
					"end":	11.000984,
					"seconds":	1.0002900362014771,
					"bytes":	28059037,
					"bits_per_second":	224407209.78528982,
					"jitter_ms":	0.010422004685944716,
					"lost_packets":	8702,